Product Code,Image URLs
0511,https://firebasestorage.googleapis.com/v0/b/renting-wala-27d06.appspot.com/o/products%2F1999%2F0511.jpg?alt=media&token=79224801-4ee6-4b77-a926-3dc3f10b03a8
0512,https://firebasestorage.googleapis.com/v0/b/renting-wala-27d06.appspot.com/o/products%2F1999%2F0512.jpg?alt=media&token=ede6042b-9dac-46da-99a8-8ddc9f8771d1
0513,https://firebasestorage.googleapis.com/v0/b/renting-wala-27d06.appspot.com/o/products%2F1999%2F0513.jpg?alt=media&token=42c13590-05eb-4b9e-8877-f239384afd0e
0514,https://firebasestorage.googleapis.com/v0/b/renting-wala-27d06.appspot.com/o/products%2F1999%2F0514.jpg?alt=media&token=f27906e0-f0d1-4255-8937-7444c5305476
0515,https://firebasestorage.googleapis.com/v0/b/renting-wala-27d06.appspot.com/o/products%2F1999%2F0515.jpg?alt=media&token=1d03c048-04c3-4a09-aab1-be354e648f23
0516,https://firebasestorage.googleapis.com/v0/b/renting-wala-27d06.appspot.com/o/products%2F1999%2F0516.jpg?alt=media&token=226ed390-fc1f-483b-a2fc-cb8fcd9ceb8f
0517,https://firebasestorage.googleapis.com/v0/b/renting-wala-27d06.appspot.com/o/products%2F1999%2F0517.jpg?alt=media&token=bb775c04-25d5-4d91-8c38-5ac8501d8d6d
0518,https://firebasestorage.googleapis.com/v0/b/renting-wala-27d06.appspot.com/o/products%2F1999%2F0518.jpg?alt=media&token=a18bd72e-edb7-4344-a3b6-a92b69d6eff4
0519,https://firebasestorage.googleapis.com/v0/b/renting-wala-27d06.appspot.com/o/products%2F1999%2F0519.jpg?alt=media&token=67151c6f-7f32-4e1f-b1e9-4fad3f5735a8
0520,https://firebasestorage.googleapis.com/v0/b/renting-wala-27d06.appspot.com/o/products%2F1999%2F0520.jpg?alt=media&token=cc66071a-4e80-4063-9422-e7468e55104e
0521,https://firebasestorage.googleapis.com/v0/b/renting-wala-27d06.appspot.com/o/products%2F1999%2F0521.jpg?alt=media&token=cf61bd1c-3d9b-4c98-b2e5-a3970123ea2b
0522,https://firebasestorage.googleapis.com/v0/b/renting-wala-27d06.appspot.com/o/products%2F1999%2F0522.jpg?alt=media&token=b613b9d8-c3c2-4894-99cb-92a41d99b797
0523,https://firebasestorage.googleapis.com/v0/b/renting-wala-27d06.appspot.com/o/products%2F1999%2F0523.jpg?alt=media&token=e92a6796-9fe2-43af-bafd-04df4af4d0f4
0524,https://firebasestorage.googleapis.com/v0/b/renting-wala-27d06.appspot.com/o/products%2F1999%2F0524.jpg?alt=media&token=a4fb6d85-966e-45ca-89a2-0ed0a3519c36
0525,https://firebasestorage.googleapis.com/v0/b/renting-wala-27d06.appspot.com/o/products%2F1999%2F0525.jpg?alt=media&token=c28af61c-d7b0-4729-866b-79812fd6e2ca
0526,https://firebasestorage.googleapis.com/v0/b/renting-wala-27d06.appspot.com/o/products%2F1999%2F0526.jpg?alt=media&token=7379098e-d1fb-4ffa-a195-4b1706a5deb3
0527,https://firebasestorage.googleapis.com/v0/b/renting-wala-27d06.appspot.com/o/products%2F1999%2F0527.jpg?alt=media&token=3d421598-1435-46d8-a91f-5d0f98cd9589
0528,https://firebasestorage.googleapis.com/v0/b/renting-wala-27d06.appspot.com/o/products%2F1999%2F0528.jpg?alt=media&token=292ab59b-40c0-45a9-b223-19cb71b6bee6
0529,https://firebasestorage.googleapis.com/v0/b/renting-wala-27d06.appspot.com/o/products%2F1999%2F0529.jpg?alt=media&token=9856e22b-81e8-4adb-ad6f-151330181f36
0530,https://firebasestorage.googleapis.com/v0/b/renting-wala-27d06.appspot.com/o/products%2F1999%2F0530.jpg?alt=media&token=fca6118b-2bca-4bdb-8cc7-cac27b0c96a3
0531,https://firebasestorage.googleapis.com/v0/b/renting-wala-27d06.appspot.com/o/products%2F1999%2F0531.jpg?alt=media&token=7f8c6b6c-ee31-4af9-b02e-8a21e221ab0c
0532,https://firebasestorage.googleapis.com/v0/b/renting-wala-27d06.appspot.com/o/products%2F1999%2F0532.jpg?alt=media&token=ead2e358-1b95-4274-aec3-aeaa7d19860d
0533,https://firebasestorage.googleapis.com/v0/b/renting-wala-27d06.appspot.com/o/products%2F1999%2F0533.jpg?alt=media&token=858d4b24-7810-4df2-b430-454b9fe14aa1
0534,https://firebasestorage.googleapis.com/v0/b/renting-wala-27d06.appspot.com/o/products%2F1999%2F0534.jpg?alt=media&token=13f06c70-33d2-4867-9ea8-773660849735
0535,https://firebasestorage.googleapis.com/v0/b/renting-wala-27d06.appspot.com/o/products%2F1999%2F0535.jpg?alt=media&token=2ce525d0-586c-4f94-9901-79184bc2aa4e
0536,https://firebasestorage.googleapis.com/v0/b/renting-wala-27d06.appspot.com/o/products%2F1999%2F0536.jpg?alt=media&token=ae35e038-0dc5-41c2-89a7-b05a0646caea
0537,https://firebasestorage.googleapis.com/v0/b/renting-wala-27d06.appspot.com/o/products%2F1999%2F0537.jpg?alt=media&token=b4d17bf2-1a24-41bd-9a7b-e034aa49765a